{
    "options": {
        "color": {
            "alpha": 1,
            "blue": 1,
            "green": 0.5647058823529412,
            "red": 0.11764705882352941
        },
        "intensity": 0.5
    },
    "position": [
        120.69313536231014,
        27.994595917140288,
        267.31285740879105
    ],
    "tarposition": [
        120.69364375255293,
        27.995973200938042,
        125.7711425019562
    ]
}