{
    "options": {
        "color": {
            "alpha": 1,
            "blue": 1,
            "green": 0.9294117647058824,
            "red": 0.7098039215686275
        },
        "distance": 200,
        "decay": 0.5,
        "intensity": 2,
        "angle": 1
    },
    "position_array": [
        [
            -2874948.583093388,
            4842656.072442475,
            2994008.5159943895
        ],
        [
            -2874909.696918031,
            4842697.456246541,
            2993986.339556854
        ],
        [
            -2874870.3070008256,
            4842729.907236661,
            2993965.57452317
        ],
        [
            -2874814.8989798767,
            4842753.971487426,
            2993981.8750664075
        ],
        [
            -2874767.3633829616,
            4842766.72256997,
            2994006.10453812
        ],
        [
            -2875123.125870219,
            4842407.201015243,
            2994227.2203576416
        ],
        [
            -2875089.0661297604,
            4842568.77581724,
            2994013.962508844
        ],
        [
            -2875226.8532670382,
            4842450.383596457,
            2994064.0223534512
        ],
        [
            -2874993.126953759,
            4842483.091558486,
            2994244.790903383
        ]
    ],
    "tarposition_array": [
        [
            -2874961.6551988483,
            4842647.990557961,
            2994039.227895937
        ],
        [
            -2874892.5332430205,
            4842710.484581068,
            2994046.930147218
        ],
        [
            -2874869.439880852,
            4842733.16627731,
            2994045.2219655784
        ],
        [
            -2874843.995391942,
            4842753.9758829735,
            2994042.2435943875
        ],
        [
            -2874754.53153553,
            4842771.185291906,
            2994031.2234606603
        ],
        [
            -2875158.597992123,
            4842457.899987728,
            2994196.116212936
        ],
        [
            -2875146.192939447,
            4842489.61788538,
            2994165.458908627
        ],
        [
            -2875197.3998956224,
            4842454.137724112,
            2994173.104209791
        ],
        [
            -2875066.396176457,
            4842494.45177525,
            2994175.4654017286
        ]
    ]
}