{
    "options": {
        "color": {
            "alpha": 1,
            "blue": 1,
            "green": 0.9294117647058824,
            "red": 0.7098039215686275
        },
        "cutoffDistance": 35,
        "decay": 1,
        "intensity": 12
    },
    "Street_Lamp_light": [
        [
            120.6933688739303,
            27.99367383613381,
            13.30081027755514
        ],
        [
            120.6935774427882,
            27.99392864764213,
            13.30081011177972
        ],
        [
            120.6934277722632,
            27.99415016714282,
            13.30081024635583
        ],
        [
            120.6932376560655,
            27.99570417545573,
            15.1296600183472
        ],
        [
            120.6935561607321,
            27.99341354666097,
            13.3008102202788
        ],
        [
            120.6932703873206,
            27.99315885036624,
            13.30081019327045
        ],
        [
            120.6934265654259,
            27.9954603817878,
            15.12965519549325
        ],
        [
            120.6934106290259,
            27.99465070567982,
            14.48458042889834
        ],
        [
            120.6933457999847,
            27.99517127803678,
            15.12965988935903
        ],
        [
            120.6935297325182,
            27.99492883843222,
            14.6394543257542
        ],
        [
            120.6935858902056,
            27.99441155349295,
            13.30081028686836
        ],
        [
            120.6966673973703,
            27.99265673267987,
            16.49543415112421
        ],
        [
            120.6939242310796,
            27.99302122311126,
            16.51368927406147
        ],
        [
            120.6936287339959,
            27.99265710421623,
            16.49879972599447
        ],
        [
            120.6939279147936,
            27.99265972965485,
            16.51306947562843
        ],
        [
            120.6968799231477,
            27.99302277985844,
            16.51221412010491
        ],
        [
            120.6970937334474,
            27.99356192184765,
            13.01754463333637
        ],
        [
            120.6971272698837,
            27.99329974152725,
            13.01754465429112
        ],
        [
            120.6970548127582,
            27.99410202251568,
            12.25324487788603
        ],
        [
            120.6972799402947,
            27.99385897069291,
            12.7803697549738
        ],
        [
            120.6970713910364,
            27.99469001962242,
            13.02686449615285
        ],
        [
            120.6972230401183,
            27.99446801325148,
            13.55398925635964
        ],
        [
            120.6972616785996,
            27.99493516911043,
            13.55398929454386
        ],
        [
            120.6973466481478,
            27.99600522919959,
            15.99977951273322
        ],
        [
            120.6975544997689,
            27.99624334508755,
            13.98782482286915
        ],
        [
            120.6976518143705,
            27.99734511170573,
            14.05650470135734
        ],
        [
            120.6976646229926,
            27.99678662810425,
            15.23585972571746
        ],
        [
            120.6974213858856,
            27.9957147311453,
            16.7059892388992
        ],
        [
            120.6974721804959,
            27.9965462481897,
            15.99977964079008
        ],
        [
            120.6972247932294,
            27.99548257353357,
            16.67759939851239
        ],
        [
            120.6979404690495,
            27.99779412084055,
            13.35262000709772
        ],
        [
            120.6976192070033,
            27.99817598411507,
            13.19261961765587
        ],
        [
            120.6971809478076,
            27.9981804270376,
            15.59176959386095
        ],
        [
            120.6946651438127,
            27.99803254070724,
            17.25929014347494
        ],
        [
            120.695884016272,
            27.99805771581849,
            17.25929008759558
        ],
        [
            120.6962305812062,
            27.99816798748725,
            15.59176949886605
        ],
        [
            120.6958176626696,
            27.99849294771729,
            15.59176950771362
        ],
        [
            120.6967298435305,
            27.99817542743718,
            15.59176965672523
        ],
        [
            120.6948247667144,
            27.99851406728046,
            15.59176950212568
        ],
        [
            120.6946530181344,
            27.99800647782307,
            17.25929011972621
        ],
        [
            120.6937995595251,
            27.99814861443453,
            15.59176955008879
        ],
        [
            120.6943233162787,
            27.99814906470989,
            15.59176958827302
        ],
        [
            120.6940343058199,
            27.9981494788445,
            15.59176959339529
        ],
        [
            120.6958962083177,
            27.99803167978037,
            17.25929011041298
        ],
        [
            120.6953712459963,
            27.99813425893914,
            15.59176954682916
        ],
        [
            120.6933328761854,
            27.99814478980259,
            15.59176956592128
        ],
        [
            120.6958537860754,
            27.99801929057681,
            27.22260888721794
        ],
        [
            120.6958283819163,
            27.99802138446506,
            27.21333925714716
        ],
        [
            120.6947490934038,
            27.99799507996249,
            27.22260908186436
        ],
        [
            120.6947236979257,
            27.99799717314389,
            27.21333933537826
        ],
        [
            120.6969453903293,
            27.99849674109965,
            15.54050007099286
        ],
        [
            120.696458059221,
            27.99849273280034,
            15.54050006214529
        ],
        [
            120.6974156843263,
            27.99850091395442,
            14.85533467596397
        ],
        [
            120.693774230756,
            27.99847689207767,
            15.54050005888566
        ],
        [
            120.693518171551,
            27.9984648947568,
            15.5405000416562
        ],
        [
            120.6931655041039,
            27.99846195841864,
            15.54050004724413
        ],
        [
            120.6976445642224,
            27.99849812419117,
            13.14134446121752
        ],
        [
            120.6927678533058,
            27.99730635824903,
            13.30081023331732
        ],
        [
            120.6928818862984,
            27.99748137816788,
            13.30081031853333
        ],
        [
            120.6927808970462,
            27.99779471719691,
            13.30081017371267
        ],
        [
            120.6929919408841,
            27.99715274476462,
            13.30081021841616
        ],
        [
            120.6925839677263,
            27.99787871546558,
            13.30081022540107
        ],
        [
            120.6933172869274,
            27.99599158080748,
            15.12965520061553
        ],
        [
            120.6931200527105,
            27.99623078803579,
            15.12966007841751
        ],
        [
            120.6931821038987,
            27.99655627440373,
            15.12965523321182
        ],
        [
            120.692946776604,
            27.99677721511326,
            13.30081034554169
        ],
        [
            120.6982867933898,
            27.9982728280741,
            13.19316937783733
        ],
        [
            120.6960410149231,
            27.99866184923779,
            15.54050006307662
        ],
        [
            120.6944832555046,
