{
    "position_array": [
        [
            -2874948.583093388,
            4842656.072442475,
            2994008.5159943895
        ],
        [
            -2874909.696918031,
            4842697.456246541,
            2993986.339556854
        ],
        [
            -2874870.3070008256,
            4842729.907236661,
            2993965.57452317
        ],
        [
            -2874814.8989798767,
            4842753.971487426,
            2993981.8750664075
        ],
        [
            -2874767.3633829616,
            4842766.72256997,
            2994006.10453812
        ]
    ],
    "tarposition_array": [
        [
            -2874961.6551988483,
            4842647.990557961,
            2994039.227895937
        ],
        [
            -2874892.5332430205,
            4842710.484581068,
            2994046.930147218
        ],
        [
            -2874869.439880852,
            4842733.16627731,
            2994045.2219655784
        ],
        [
            -2874843.995391942,
            4842753.9758829735,
            2994042.2435943875
        ],
        [
            -2874754.53153553,
            4842771.185291906,
            2994031.2234606603
        ]
    ],
    "options": {
        "color": {
            "alpha": 1,
            "blue": 0.4549019607843137,
            "green": 0.9019607843137255,
            "red": 0.9529411764705882
        },
        "distance": 200,
        "decay": 0.5,
        "intensity": 1,
        "angle": 1
    }
}