{
    "options": {
        "color": {
            "alpha": 1,
            "blue": 0.4549019607843137,
            "green": 0.9019607843137255,
            "red": 0.9529411764705882
        },
        "distance": 200,
        "decay": 0.5,
        "intensity": 50,
        "angle": 2
    },
    "Street_Lamp_light": [
        [
            120.69355069179636,
            27.993408517134068,
            6.1502995983632
        ],
        [
            120.69357651317277,
            27.993668831455853,
            13.471162191210444
        ]
    ]
}