{
    "options": {
        "color": {
            "alpha": 1,
            "blue": 1,
            "green": 0.9294117647058824,
            "red": 0.7098039215686275
        },
        "cutoffDistance": 35,
        "decay": 1,
        "intensity": 10
    },
    "Street_Lamp_light": [
        [
            120.6933688739303,
            27.99367383613381,
            13.40081027755514
        ],
        [
            120.6935774427882,
            27.99392864764212,
            13.4008101108484
        ],
        [
            120.6934277722632,
            27.99415016714282,
            13.40081024495885
        ],
        [
            120.6932376560655,
            27.99570417545573,
            15.22966001648456
        ],
        [
            120.6935561607321,
            27.99341354666097,
            13.4008102202788
        ],
        [
            120.6932703873206,
            27.99315885036624,
            13.40081019327045
        ],
        [
            120.6934265654259,
            27.9954603817878,
            15.22965519549325
        ],
        [
            120.6934106290259,
            27.99465070567982,
            14.58458042889834
        ],
        [
            120.6933457999847,
            27.99517127803677,
            15.22965989029035
        ],
        [
            120.6935297325183,
            27.99492883843222,
            14.73945432761684
        ],
        [
            120.6935858902056,
            27.99441155349295,
            13.4008102864027
        ],
        [
            120.6966673973703,
            27.99265673267987,
            16.59543415252119
        ],
        [
            120.6939242310796,
            27.99302122311126,
            16.61368927452713
        ],
        [
            120.6936287339959,
            27.99265710421621,
            16.59879972646013
        ],
        [
            120.6939279147936,
            27.99265972965485,
            16.61306947376579
        ],
        [
            120.6968799231477,
            27.99302277985844,
            16.61221411917359
        ],
        [
            120.6970937334474,
            27.99356192184765,
            13.11754463333637
        ],
        [
            120.6971272698837,
            27.99329974152725,
            13.11754465429112
        ],
        [
            120.6970548127582,
            27.99410202251567,
            12.35324487788603
        ],
        [
            120.6972799402947,
            27.99385897069291,
            12.88036975543946
        ],
        [
            120.6970713910364,
            27.99469001962242,
            13.12686449615285
        ],
        [
            120.6972230401183,
            27.99446801325148,
            13.65398925496265
        ],
        [
            120.6972616785996,
            27.99493516911043,
            13.65398929454386
        ],
        [
            120.6973466481479,
            27.99600522919959,
            16.09977951413021
        ],
        [
            120.6975544997689,
            27.99624334508754,
            14.08782482286915
        ],
        [
            120.6976518143705,
            27.99734511170572,
            14.15650470135734
        ],
        [
            120.6976646229926,
            27.99678662810425,
            15.33585972664878
        ],
        [
            120.6974213858856,
            27.9957147311453,
            16.8059892388992
        ],
        [
            120.6974721804959,
            27.9965462481897,
            16.09977964032441
        ],
        [
            120.6972247932294,
            27.99548257353357,
            16.77759939758107
        ],
        [
            120.6979404690495,
            27.99779412084055,
            13.45262000756338
        ],
        [
            120.6927678533058,
            27.99730635824903,
            13.40081023331732
        ],
        [
            120.6928818862984,
            27.99748137816788,
            13.40081031946465
        ],
        [
            120.6927808970462,
            27.99779471719691,
            13.40081017371267
        ],
        [
            120.6929919408841,
            27.99715274476462,
            13.40081021748483
        ],
        [
            120.6925839677263,
            27.99787871546557,
            13.40081022586674
        ],
        [
            120.6933172869274,
            27.99599158080747,
            15.22965520061553
        ],
        [
            120.6931200527105,
            27.99623078803579,
            15.22966007888317
        ],
        [
            120.6931821038987,
            27.99655627440373,
            15.22965523367748
        ],
        [
            120.692946776604,
            27.99677721511326,
            13.40081034554169
        ],
        [
            120.6942781825274,
            27.994285377611945,
            14.829190016733845
        ],
        [
            120.69426953970678,
            27.993727254861792,
            10.910903460938936
        ],
        [
            120.69527500339137,
            27.99352829771319,
            14.1716591434303
        ],
        [
            120.69603633173584,
            27.993742939335135,
            20.102853434749555
        ],
        [
            120.6960223478349,
            27.994509457521765,
            12.084485908767931
        ],
        [
            120.69450299762414,
            27.99493263723802,
            14.106755499809596
        ],
        [
            120.69606910573535,
            27.994938555702195,
            16.607900202828063
        ],
        [
            120.69431830986235,
            27.996080130879818,
            13.056793373023954
        ],
        [
            120.69623071985721,
            27.99613300136631,
            15.188931016744476
        ]
    ]
}