{
    "options": {
        "color": {
            "alpha": 1,
            "blue": 1,
            "green": 0.9294117647058824,
            "red": 0.7098039215686275
        },
        "cutoffDistance": 35,
        "decay": 1,
        "intensity": 10
    },
    "Street_Lamp_light": [
        [
            120.6933688739303,
            27.99367383613381,
            13.30081027615815
        ],
        [
            120.6935774427882,
            27.99392864764213,
            13.30081010991708
        ],
        [
            120.6934277722632,
            27.99415016714282,
            13.30081024589017
        ],
        [
            120.6932376560655,
            27.99570417545573,
            15.12966001555324
        ],
        [
            120.6935561607321,
            27.99341354666097,
            13.3008102202788
        ],
        [
            120.6932703873206,
            27.99315885036625,
            13.30081019373611
        ],
        [
            120.6934265654259,
            27.9954603817878,
            15.12965519549325
        ],
        [
            120.6934106290259,
            27.99465070567982,
            14.48458042796701
        ],
        [
            120.6933457999847,
            27.99517127803678,
            15.12965989029035
        ],
        [
            120.6935297325183,
            27.99492883843222,
            14.63945432761684
        ],
        [
            120.6935858902056,
            27.99441155349295,
            13.30081028500572
        ],
        [
            120.6966673973703,
            27.99265673267987,
            16.49543415158987
        ],
        [
            120.6939242310796,
            27.99302122311126,
            16.51368927406147
        ],
        [
            120.6936287339959,
            27.99265710421622,
            16.49879972692579
        ],
        [
            120.6939279147936,
            27.99265972965485,
            16.51306947330013
        ],
        [
            120.6968799231477,
            27.99302277985844,
            16.51221412010491
        ],
        [
            120.6970937334474,
            27.99356192184765,
            13.01754463380203
        ],
        [
            120.6971272698837,
            27.99329974152725,
            13.01754465429112
        ],
        [
            120.6970548127582,
            27.99410202251568,
            12.25324487788603
        ],
        [
            120.6972799402947,
            27.99385897069291,
            12.78036975590512
        ],
        [
            120.6970713910364,
            27.99469001962242,
            13.02686449615285
        ],
        [
            120.6972230401183,
            27.99446801325149,
            13.55398925635964
        ],
        [
            120.6972616785996,
            27.99493516911043,
            13.5539892940782
        ],
        [
            120.6973466481478,
            27.99600522919959,
            15.99977951506153
        ],
        [
            120.6975544997689,
            27.99624334508754,
            13.98782482286915
        ],
        [
            120.6976518143705,
            27.99734511170573,
            14.05650470228866
        ],
        [
            120.6976646229927,
            27.99678662810425,
            15.2358597275801
        ],
        [
            120.6974213858856,
            27.9957147311453,
            16.70598923796788
        ],
        [
            120.6974721804959,
            27.9965462481897,
            15.99977964032441
        ],
        [
            120.6972247932294,
            27.99548257353357,
            16.67759939711541
        ],
        [
            120.6979404690495,
            27.99779412084055,
            13.35262000756338
        ],
        [
            120.6976192070033,
            27.99817598411507,
            13.19261961625889
        ],
        [
            120.6946651438127,
            27.99803254070724,
            17.2592901439406
        ],
        [
            120.695884016272,
            27.99805771581849,
            17.25929008666426
        ],
        [
            120.696239703515,
            27.99817415793032,
            15.59176950864494
        ],
        [
            120.6967183703516,
            27.9981753759958,
            15.59176955660805
        ],
        [
            120.6956733198038,
            27.99851782352067,
            15.59176954729483
        ],
        [
            120.6935710538284,
            27.99814570833975,
            15.59176949979737
        ],
        [
            120.6946530181344,
            27.99800647782306,
            17.25929011972621
        ],
        [
            120.6948378942853,
            27.99850567026117,
            15.59176954962313
        ],
        [
            120.6943233162787,
            27.99814906470989,
            15.59176959060133
        ],
        [
            120.6940343058199,
            27.9981494788445,
            15.59176959665492
        ],
        [
            120.6971924197065,
            27.99818047847487,
            15.59176955055446
        ],
        [
            120.6946773318216,
            27.99800650919719,
            17.25929017001763
        ],
        [
            120.6958962083177,
            27.99803167978038,
            17.25929010855034
        ],
        [
            120.6958718946518,
            27.99803165300695,
            17.25929011693224
        ],
        [
            120.693090005539,
            27.9981407213767,
            15.59176954496652
        ],
        [
            120.6952782148271,
            27.99811606117286,
            15.59176956871525
        ],
        [
            120.6958537860754,
            27.99801929057682,
            27.22260888675228
        ],
        [
            120.6958283819163,
            27.99802138446506,
            27.21333926040679
        ],
        [
            120.6947490934038,
            27.99799507996249,
            27.22260908186436
        ],
        [
            120.6947236979257,
            27.99799717314389,
            27.21333933258429
        ],
        [
            120.6969453903293,
            27.99849674109965,
            15.54050007099286
        ],
        [
            120.6964695318129,
            27.99849278428638,
            15.54050006121397
        ],
        [
            120.6974156843263,
            27.99850091395442,
            14.85533467549831
        ],
        [
            120.6937742307561,
            27.99847689207767,
            15.54050005935133
        ],
        [
            120.693518171551,
            27.9984648947568,
            15.54050003979355
        ],
        [
            120.6931655041039,
            27.99846195841864,
            15.54050004631281
        ],
        [
            120.6976445642224,
            27.99849812419117,
            13.14134446168318
        ],
        [
            120.6927678533058,
            27.99730635824903,
            13.30081023238599
        ],
        [
            120.6928818862984,
            27.99748137816788,
            13.30081031946465
        ],
        [
            120.6927808970462,
            27.9977947171969,
            13.30081017371267
        ],
        [
            120.6929919408842,
            27.99715274476462,
            13.30081021748483
        ],
        [
            120.6925839677263,
            27.99787871546557,
            13.3008102263324
        ],
        [
            120.6933172869274,
            27.99599158080747,
            15.12965520061553
        ],
        [
            120.6931200527105,
            27.9962307880358,
            15.12966007841751
        ],
        [
            120.6931821038987,
            27.99655627440374,
            15.12965523321182
        ],
        [
            120.692946776604,
            27.99677721511326,
            13.30081034554169
        ],
        [
            120.6982867933898,
