{
    "position_array": [
        [
            120.69631962054443,
            27.996806168146779,
            0
        ],
        [
            120.696416796622,
            27.996795174349955,
            0
        ],
        [
            120.69648676905337,
            27.99678864408941,
            0
        ],
        [
            120.69657725331967,
            27.996768979863884,
            0
        ],
        [
            120.69666408857685,
            27.99675185203181,
            0
        ],
        [
            120.69678115179394,
            27.996711725165529,
            0
        ],
        [
            120.6966503549567,
            27.996571669977989,
            4.339832
        ],
        [
            120.69630090861948,
            27.996598248308192,
            4.362297
        ],
        [
            120.69647001274969,
            27.996558399239102,
            4.365318
        ]
    ],
    "tarposition_array": [
        [
            120.69638364237107,
            27.996834889085868,
            57.453175446188055
        ],
        [
            120.69645502214071,
            27.996834765105362,
            50.25578955642703
        ],
        [
            120.69652673864884,
            27.996827289524347,
            52.60152828832202
        ],
        [
            120.69662797212416,
            27.99679417241604,
            51.68509149766174
        ],
        [
            120.69672330004087,
            27.996766059048113,
            57.33800801986801
        ],
        [
            120.69681268820591,
            27.996721661944015,
            56.619100753878705
        ],
        [
            120.69679259326796,
            27.99694529562931,
            63.6952262057749
        ],
        [
            120.69638378857795,
            27.997017113875117,
            70.0027825241683
        ],
        [
            120.6967280645902,
            27.996998035429776,
            85.37048390941413
        ]
    ],
    "options": {
        "color": {
            "alpha": 1,
            "blue": 0.9529411764705882,
            "green": 0.9019607843137255,
            "red": 0.4549019607843137
        },
        "distance": 200,
        "decay": 0.5,
        "intensity": 4,
        "angle": 1
    }
}